<NotepadPlus>
    <UserLang name="BBC Basic" ext="">
        <Settings>
            <Global caseIgnored="no" />
            <TreatAsSymbol comment="no" commentLine="no" />
            <Prefix words1="no" words2="no" words3="no" words4="no" />
        </Settings>
        <KeywordLists>
            <Keywords name="Delimiters">(&quot;0)&quot;0</Keywords>
            <Keywords name="Folder+"></Keywords>
            <Keywords name="Folder-"></Keywords>
            <Keywords name="Operators"></Keywords>
            <Keywords name="Comment">1 2 0REM</Keywords>
            <Keywords name="Words1">ABS ACS ADVAL AND ASC ASN AUTO BGET BPUT COLOUR CALL CHAIN CHR$ CLEAR CLOSE CLG CLS COS DATA DEG DEF DELETE DIV DIM DRAW ENCPROC END ENVELOPE ELSE EVAL ERL EOF EOR ERR EXP EXT FOR FALSE FN GOTO GET$ GET GOSUB GCOL HIMEM INPUT IF INKEY$ INKEY INT INSTR LIST LOAD LOMEM LOCAL LEFT$ LEN LET LOG LN MID$ MODE MOD MOVE NEXT NEW NOT OLD OR OPENIN OPENOUT PRINT PAGE PTR PI PLOT PROC POS RETURN REPEAT REPORT READ RUN RAD RESTORE RIGHT$ RND RENUMBER SAVE SGN SIN SQR SOUND SPC STR$ STRING$ STOP TAN TAB TIME TRACE TRUE UNTIL USR VDU VAL VPOS WIDTH</Keywords>
            <Keywords name="Words2"></Keywords>
            <Keywords name="Words3"></Keywords>
            <Keywords name="Words4"></Keywords>
        </KeywordLists>
        <Styles>
            <WordsStyle name="DEFAULT" styleID="11" fgColor="000000" bgColor="FFFFFF" fontName="" fontStyle="0" />
            <WordsStyle name="FOLDEROPEN" styleID="12" fgColor="000000" bgColor="FFFFFF" fontName="" fontStyle="0" />
            <WordsStyle name="FOLDERCLOSE" styleID="13" fgColor="000000" bgColor="FFFFFF" fontName="" fontStyle="0" />
            <WordsStyle name="KEYWORD1" styleID="5" fgColor="0000FF" bgColor="FFFFFF" fontName="" fontStyle="0" />
            <WordsStyle name="KEYWORD2" styleID="6" fgColor="000000" bgColor="FFFFFF" fontName="" fontStyle="0" />
            <WordsStyle name="KEYWORD3" styleID="7" fgColor="000000" bgColor="FFFFFF" fontName="" fontStyle="0" />
            <WordsStyle name="KEYWORD4" styleID="8" fgColor="000000" bgColor="FFFFFF" fontName="" fontStyle="0" />
            <WordsStyle name="COMMENT" styleID="1" fgColor="FF0000" bgColor="FFFFFF" fontName="" fontStyle="0" />
            <WordsStyle name="COMMENT LINE" styleID="2" fgColor="FF0000" bgColor="FFFFFF" fontName="" fontStyle="0" />
            <WordsStyle name="NUMBER" styleID="4" fgColor="00FF00" bgColor="FFFFFF" fontName="" fontStyle="0" />
            <WordsStyle name="OPERATOR" styleID="10" fgColor="000000" bgColor="FFFFFF" fontName="" fontStyle="0" />
            <WordsStyle name="DELIMINER1" styleID="14" fgColor="0000FF" bgColor="FFFFFF" fontName="" fontStyle="0" />
            <WordsStyle name="DELIMINER2" styleID="15" fgColor="000000" bgColor="FFFFFF" fontName="" fontStyle="0" />
            <WordsStyle name="DELIMINER3" styleID="16" fgColor="000000" bgColor="FFFFFF" fontName="" fontStyle="0" />
        </Styles>
    </UserLang>
</NotepadPlus>
